Date,Adj Close,Close,High,Low,Open,Volume,"('Date', '')","('Close', 'AUROPHARMA.NS')","('High', 'AUROPHARMA.NS')","('Low', 'AUROPHARMA.NS')","('Open', 'AUROPHARMA.NS')","('Volume', 'AUROPHARMA.NS')","('Date', '')","('Close', 'AUROPHARMA.NS')","('High', 'AUROPHARMA.NS')","('Low', 'AUROPHARMA.NS')","('Open', 'AUROPHARMA.NS')","('Volume', 'AUROPHARMA.NS')"
2019-12-30,444.9725036621094,460.2999877929688,471.8999938964844,456.8500061035156,459.6000061035156,5187434.0,,,,,,,,,,,,
2020-01-06,442.7007446289063,457.9500122070313,465.3999938964844,442.0,458.3999938964844,8572995.0,,,,,,,,,,,,
2020-01-13,469.7683715820313,485.9500122070313,489.9500122070313,456.6499938964844,460.0,14599284.0,,,,,,,,,,,,
2020-01-20,484.4139404296875,501.1000061035156,510.8999938964844,472.0,485.0,20097377.0,,,,,,,,,,,,
2020-01-27,451.9327392578125,467.5,518.0,460.2000122070313,499.6000061035156,26284425.0,,,,,,,,,,,,
2020-02-03,528.3504638671875,546.5499877929688,553.5499877929688,465.0,465.3500061035156,31073497.0,,,,,,,,,,,,
2020-02-10,497.2226867675781,514.3499755859375,555.9500122070312,512.4000244140625,548.2000122070312,22494172.0,,,,,,,,,,,,
2020-02-17,579.779052734375,599.75,617.5499877929688,482.2999877929688,515.0499877929688,51356633.0,,,,,,,,,,,,
2020-02-24,490.335693359375,505.5,539.7999877929688,489.3999938964844,539.7999877929688,40542987.0,,,,,,,,,,,,
2020-03-02,494.99169921875,510.2999877929688,534.2999877929688,490.0,512.5,16309505.0,,,,,,,,,,,,
2020-03-09,402.74462890625,415.2000122070313,506.0,340.0,503.0,23338136.0,,,,,,,,,,,,
2020-03-16,336.2994384765625,346.70001220703125,444.8999938964844,341.0,400.0,37288613.0,,,,,,,,,,,,
2020-03-23,380.4830017089844,392.25,407.0499877929688,288.8500061035156,329.3999938964844,24738597.0,,,,,,,,,,,,
2020-03-30,370.9284973144531,382.3999938964844,416.1499938964844,333.5,388.0,28860653.0,,,,,,,,,,,,
2020-04-06,446.3946228027344,460.2000122070313,476.2999877929688,382.3999938964844,382.3999938964844,34203723.0,,,,,,,,,,,,
2020-04-13,526.4197998046875,542.7000122070312,568.1500244140625,463.5,466.0,44509658.0,,,,,,,,,,,,
2020-04-20,605.7173461914062,624.4500122070312,684.0499877929688,525.5,544.25,103032512.0,,,,,,,,,,,,
2020-04-27,607.0752563476562,625.8499755859375,642.9500122070312,609.0499877929688,630.0,25500740.0,,,,,,,,,,,,
2020-05-04,633.0713500976562,652.6500244140625,681.5999755859375,603.0,611.0,44817405.0,,,,,,,,,,,,
2020-05-11,645.00244140625,664.9500122070312,701.0,647.25,651.0,34498725.0,,,,,,,,,,,,
2020-05-18,708.9739990234375,730.9000244140625,733.7000122070312,654.5999755859375,665.0,32207937.0,,,,,,,,,,,,
2020-05-25,723.281494140625,745.6500244140625,750.3499755859375,703.0999755859375,730.9000244140625,19029738.0,,,,,,,,,,,,
2020-06-01,721.6810302734375,744.0,791.0,722.0,744.0,40844643.0,,,,,,,,,,,,
2020-06-08,748.550048828125,771.7000122070312,805.4500122070312,728.7999877929688,754.75,31170888.0,,,,,,,,,,,,
2020-06-15,759.9476318359375,783.4500122070312,798.0999755859375,756.0999755859375,766.0999755859375,17050038.0,,,,,,,,,,,,
2020-06-22,756.6980590820312,780.0999755859375,819.75,772.2000122070312,788.2000122070312,19684990.0,,,,,,,,,,,,
2020-06-29,754.5155029296875,777.8499755859375,797.9500122070312,763.0999755859375,784.0,15514948.0,,,,,,,,,,,,
2020-07-06,796.1287231445312,820.75,828.7000122070312,764.5,777.8499755859375,19601153.0,,,,,,,,,,,,
2020-07-13,811.4546508789062,836.5499877929688,845.9500122070312,803.5,827.0999755859375,17546042.0,,,,,,,,,,,,
2020-07-20,786.3316650390625,810.6500244140625,842.5499877929688,797.9000244140625,835.0,14664290.0,,,,,,,,,,,,
2020-07-27,848.3631591796875,874.5999755859375,881.0,770.4000244140625,801.0,21056247.0,,,,,,,,,,,,
2020-08-03,879.2578125,906.4500122070312,923.0,850.5,874.7000122070312,25836644.0,,,,,,,,,,,,
2020-08-10,852.7282104492188,879.0999755859375,967.5,863.2999877929688,913.0,40084873.0,,,,,,,,,,,,
2020-08-17,830.4666137695312,856.1500244140625,889.5999755859375,851.0999755859375,888.9000244140625,12633799.0,,,,,,,,,,,,
2020-08-24,844.064697265625,868.9000244140625,895.9500122070312,850.25,860.5,17749575.0,,,,,,,,,,,,
2020-08-31,784.4681396484375,807.5499877929688,878.4000244140625,776.25,870.9000244140625,19255465.0,,,,,,,,,,,,
2020-09-07,779.9996948242188,802.9500122070312,818.9500122070312,771.9000244140625,812.0,15293498.0,,,,,,,,,,,,
2020-09-14,804.4307250976562,828.0999755859375,851.3499755859375,791.25,806.5,29359452.0,,,,,,,,,,,,
2020-09-21,750.0313720703125,772.0999755859375,857.9000244140625,738.0499877929688,835.0,26326822.0,,,,,,,,,,,,
2020-09-28,795.2507934570312,818.6500244140625,822.5,768.0,779.7999877929688,14400138.0,,,,,,,,,,,,
2020-10-05,810.6964721679688,834.5499877929688,851.4000244140625,811.5,825.0,15551602.0,,,,,,,,,,,,
2020-10-12,783.205322265625,806.25,846.7999877929688,785.5,834.5499877929688,14180583.0,,,,,,,,,,,,
2020-10-19,760.425537109375,782.7999877929688,812.5999755859375,749.2000122070312,810.0,21264988.0,,,,,,,,,,,,
2020-10-26,750.5657348632812,772.6500244140625,814.5,756.0999755859375,808.0,16248141.0,,,,,,,,,,,,
2020-11-02,757.8513793945312,780.1500244140625,797.9000244140625,753.0,774.0,9967157.0,,,,,,,,,,,,
2020-11-09,827.79345703125,852.1500244140625,864.0,754.0,787.9500122070312,34969526.0,,,,,,,,,,,,
2020-11-16,809.579345703125,833.4000244140625,875.9000244140625,821.9500122070312,858.0999755859375,15882364.0,,,,,,,,,,,,
2020-11-23,843.7246704101562,868.5499877929688,893.5,835.0999755859375,839.2999877929688,22216757.0,,,,,,,,,,,,
2020-11-30,876.221435546875,900.6500244140625,909.4000244140624,868.5499877929688,868.5499877929688,11224650.0,,,,,,,,,,,,
2020-12-07,873.0108642578125,897.3499755859375,923.4000244140624,885.2000122070312,902.0,13390850.0,,,,,,,,,,,,
2020-12-14,861.9686889648438,886.0,905.9500122070312,862.6500244140625,898.5,9393792.0,,,,,,,,,,,,
2020-12-21,884.3448486328125,909.0,912.0,801.0999755859375,889.8499755859375,13460148.0,,,,,,,,,,,,
2020-12-28,902.5863037109376,927.75,943.5,892.1500244140625,919.7999877929688,17862229.0,,,,,,,,,,,,
2021-01-04,919.8062744140624,945.4500122070312,996.8499755859376,926.6500244140624,936.0999755859376,16701069.0,,,,,,,,,,,,
2021-01-11,910.612548828125,936.0,975.0,924.2999877929688,950.2000122070312,13885002.0,,,,,,,,,,,,
2021-01-18,898.743408203125,923.7999877929688,948.0,880.1500244140625,933.7999877929688,12962308.0,,,,,,,,,,,,
2021-01-25,880.6965942382812,905.25,1023.7000122070312,900.4500122070312,935.0,25871031.0,,,,,,,,,,,,
2021-02-01,917.2767944335938,942.8499755859376,954.9000244140624,889.0,912.0,15558555.0,,,,,,,,,,,,
2021-02-08,904.7266845703124,929.9500122070312,980.0,923.5499877929688,951.7999877929688,20632079.0,,,,,,,,,,,,
2021-02-15,864.4495849609375,888.5499877929688,944.9000244140624,883.0,935.0,10545385.0,,,,,,,,,,,,
2021-02-22,832.0040893554688,855.2000122070312,890.7000122070312,837.0,886.0,13774064.0,,,,,,,,,,,,
2021-03-01,840.8173828125,862.7999877929688,889.0,849.4000244140625,855.0999755859375,9453619.0,,,,,,,,,,,,
2021-03-08,826.6380004882812,848.25,876.5,843.5,863.3499755859375,6198263.0,,,,,,,,,,,,
2021-03-15,801.300537109375,822.25,852.8499755859375,797.2999877929688,847.9500122070312,11091926.0,,,,,,,,,,,,
2021-03-22,828.3921508789062,850.0499877929688,864.4000244140625,825.0999755859375,830.0999755859375,11545300.0,,,,,,,,,,,,
2021-03-29,858.8460083007812,881.2999877929688,886.9500122070312,850.0499877929688,850.0499877929688,4580259.0,,,,,,,,,,,,
2021-04-05,919.65625,943.7000122070312,952.9500122070312,871.0,879.0,10189626.0,,,,,,,,,,,,
2021-04-12,928.7191772460938,953.0,959.0,889.5,940.7000122070312,13442681.0,,,,,,,,,,,,
2021-04-19,968.0411987304688,993.3499755859376,1015.0,932.2000122070312,955.0,22178216.0,,,,,,,,,,,,
2021-04-26,955.8596801757812,980.8499755859376,999.9500122070312,959.0499877929688,999.0,9507155.0,,,,,,,,,,,,
2021-05-03,987.2392578125,1013.0499877929688,1039.0,950.0,979.7000122070312,15997586.0,,,,,,,,,,,,
2021-05-10,981.0510864257812,1006.7000122070312,1063.9000244140625,995.4500122070312,1018.8499755859376,11921065.0,,,,,,,,,,,,
2021-05-17,987.3367309570312,1013.1500244140624,1034.9000244140625,999.4000244140624,1009.9000244140624,8939138.0,,,,,,,,,,,,
2021-05-24,996.1561889648438,1022.2000122070312,1043.0999755859375,1006.2000122070312,1011.0,7383314.0,,,,,,,,,,,,
2021-05-31,934.6151123046876,959.0499877929688,1032.0,956.0499877929688,1029.0,17550740.0,,,,,,,,,,,,
2021-06-07,984.072021484375,1009.7999877929688,1016.4500122070312,950.5,964.0499877929688,15167966.0,,,,,,,,,,,,
2021-06-14,928.1832885742188,952.4500122070312,1018.0,917.75,1014.5999755859376,13084996.0,,,,,,,,,,,,
2021-06-21,926.1367797851562,950.3499755859376,966.8499755859376,931.0,942.0,7955722.0,,,,,,,,,,,,
2021-06-28,968.8695678710938,994.2000122070312,1013.0,952.0999755859376,952.0999755859376,13263901.0,,,,,,,,,,,,
2021-07-05,924.52880859375,948.7000122070312,1006.7000122070312,942.0,1006.7000122070312,6868515.0,,,,,,,,,,,,
2021-07-12,950.6947631835938,975.5499877929688,978.8499755859376,938.2000122070312,956.0,8032482.0,,,,,,,,,,,,
2021-07-19,939.1466674804688,963.7000122070312,978.25,959.1500244140624,966.0999755859376,3546674.0,,,,,,,,,,,,
2021-07-26,893.24658203125,916.5999755859376,968.4500122070312,877.0499877929688,968.4500122070312,9365305.0,,,,,,,,,,,,
2021-08-02,878.3364868164062,901.2999877929688,930.0,897.75,920.0999755859376,6060862.0,,,,,,,,,,,,
2021-08-09,741.9034423828125,761.2999877929688,902.9500122070312,754.0,900.0,29053885.0,,,,,,,,,,,,
2021-08-16,663.7467041015625,681.0999755859375,768.4500122070312,677.0,766.0,28418114.0,,,,,,,,,,,,
2021-08-23,691.910400390625,710.0,726.2000122070312,660.2999877929688,712.2000122070312,40353671.0,,,,,,,,,,,,
2021-08-30,740.1781005859375,757.9000244140625,759.9000244140625,706.0,714.0,15882699.0,,,,,,,,,,,,
2021-09-06,724.4058227539062,741.75,762.75,733.0,760.0,7331642.0,,,,,,,,,,,,
2021-09-13,728.7518310546875,746.2000122070312,767.3499755859375,732.0999755859375,742.5,11296591.0,,,,,,,,,,,,
2021-09-20,704.67822265625,721.5499877929688,743.6500244140625,707.0999755859375,740.0,11249850.0,,,,,,,,,,,,
2021-09-27,700.5275268554688,717.2999877929688,736.9000244140625,706.5,725.0,12034634.0,,,,,,,,,,,,
2021-10-04,698.0371704101562,714.75,751.9000244140625,708.0,710.0,13251499.0,,,,,,,,,,,,
2021-10-11,710.147216796875,727.1500244140625,737.0,711.0999755859375,718.7000122070312,6628513.0,,,,,,,,,,,,
2021-10-18,678.7977905273438,695.0499877929688,731.0,689.0999755859375,727.4000244140625,8682264.0,,,,,,,,,,,,
2021-10-25,673.2310791015625,689.3499755859375,714.75,671.75,697.0,9622063.0,,,,,,,,,,,,
2021-11-01,673.9146728515625,690.0499877929688,703.9500122070312,681.0,691.7999877929688,5070166.0,,,,,,,,,,,,
2021-11-08,671.81494140625,687.9000244140625,713.5,662.0999755859375,690.0499877929688,26836208.0,,,,,,,,,,,,
2021-11-15,624.5955200195312,639.5499877929688,699.7999877929688,634.0499877929688,692.0,8913336.0,,,,,,,,,,,,
2021-11-22,664.1340942382812,678.5499877929688,691.1500244140625,620.5,639.5499877929688,13912133.0,,,,,,,,,,,,
2021-11-29,659.8275756835938,674.1500244140625,686.9500122070312,648.5999755859375,680.0,9226521.0,,,,,,,,,,,,
2021-12-06,689.385986328125,704.3499755859375,714.0,658.2000122070312,675.0,9830821.0,,,,,,,,,,,,
2021-12-13,665.1618041992188,679.5999755859375,715.0,665.2999877929688,706.0999755859375,9412987.0,,,,,,,,,,,,
2021-12-20,693.3988647460938,708.4500122070312,726.7000122070312,664.5499877929688,679.5999755859375,9642442.0,,,,,,,,,,,,
2021-12-27,718.74853515625,734.3499755859375,739.7999877929688,707.0999755859375,710.0,8298030.0,,,,,,,,,,,,
2022-01-03,694.9158935546875,710.0,738.9000244140625,707.2999877929688,738.0999755859375,5398977.0,,,,,,,,,,,,
2022-01-10,680.3814697265625,695.1500244140625,742.0,684.4500122070312,713.5999755859375,14056855.0,,,,,,,,,,,,
2022-01-17,641.5248413085938,655.4500122070312,699.75,650.0999755859375,698.7999877929688,11608940.0,,,,,,,,,,,,
2022-01-24,610.6452026367188,623.9000244140625,655.4500122070312,590.0999755859375,655.4500122070312,12027256.0,,,,,,,,,,,,
2022-01-31,648.52294921875,662.5999755859375,675.5,625.2999877929688,634.0,7876545.0,,,,,,,,,,,,
2022-02-07,685.1773071289062,700.0499877929688,702.5,643.0,659.4000244140625,15562148.0,,,,,,,,,,,,
2022-02-14,643.0419311523438,657.0,715.0,653.0,692.6500244140625,13621034.0,,,,,,,,,,,,
2022-02-21,613.1338500976562,625.0499877929688,657.5999755859375,601.0999755859375,655.0,9880329.0,,,,,,,,,,,,
2022-02-28,597.7332153320312,609.3499755859375,628.5999755859375,605.7999877929688,619.9500122070312,5983757.0,,,,,,,,,,,,
2022-03-07,630.0059814453125,642.25,645.0,584.25,609.3499755859375,10365082.0,,,,,,,,,,,,
2022-03-14,628.1421508789062,640.3499755859375,655.0,617.5,642.9500122070312,7609445.0,,,,,,,,,,,,
2022-03-21,703.9194946289062,717.5999755859375,727.9500122070312,647.7999877929688,654.0,21932101.0,,,,,,,,,,,,
2022-03-28,669.3414916992188,682.3499755859375,726.0,663.0,715.25,15003654.0,,,,,,,,,,,,
2022-04-04,687.3416748046875,700.7000122070312,714.7000122070312,681.0999755859375,684.0999755859375,6379855.0,,,,,,,,,,,,
2022-04-11,670.71484375,683.75,709.9500122070312,677.3499755859375,699.0,3274650.0,,,,,,,,,,,,
2022-04-18,653.9899291992188,666.7000122070312,686.0,652.0,674.0,5866257.0,,,,,,,,,,,,
2022-04-25,617.0576782226562,629.0499877929688,666.5999755859375,625.2000122070312,660.0499877929688,6492515.0,,,,,,,,,,,,
2022-05-02,601.2646484375,612.9500122070312,653.0,604.0,626.7000122070312,6794056.0,,,,,,,,,,,,
2022-05-09,551.8253784179688,562.5499877929688,622.5,556.0999755859375,610.0,10682847.0,,,,,,,,,,,,
2022-05-16,547.3131713867188,557.9500122070312,566.6500244140625,520.8499755859375,562.0999755859375,19269243.0,,,,,,,,,,,,
2022-05-23,519.6017456054688,529.7000122070312,575.0,514.0999755859375,561.5,10897103.0,,,,,,,,,,,,
2022-05-30,518.3265380859375,528.4000244140625,554.8499755859375,522.2000122070312,538.0,20405563.0,,,,,,,,,,,,
2022-06-06,523.4273681640625,533.5999755859375,537.5,511.7999877929688,526.0499877929688,8038759.0,,,,,,,,,,,,
2022-06-13,510.26318359375,515.75,543.5,507.0,529.8499755859375,10702723.0,,,,,,,,,,,,
2022-06-20,520.8988037109375,526.5,536.8499755859375,503.4500122070313,518.0,7914686.0,,,,,,,,,,,,
2022-06-27,516.8919067382812,522.4500122070312,537.9500122070312,506.5,529.0,7431062.0,,,,,,,,,,,,
2022-07-04,540.7355346679688,546.5499877929688,553.3499755859375,517.2000122070312,521.7000122070312,5117577.0,,,,,,,,,,,,
2022-07-11,542.9121704101562,548.75,563.75,534.0999755859375,543.7000122070312,6816929.0,,,,,,,,,,,,
2022-07-18,545.0887451171875,550.9500122070312,564.4500122070312,546.5999755859375,554.0,4555780.0,,,,,,,,,,,,
2022-07-25,541.1807250976562,547.0,555.5,524.2000122070312,551.7000122070312,5210780.0,,,,,,,,,,,,
2022-08-01,562.6004028320312,568.6500244140625,586.9500122070312,546.0999755859375,547.5,8828429.0,,,,,,,,,,,,
2022-08-08,587.1365356445312,593.4500122070312,604.0,562.0,570.0,9189060.0,,,,,,,,,,,,
2022-08-15,563.2435302734375,569.2999877929688,602.9000244140625,566.0999755859375,593.4500122070312,7286176.0,,,,,,,,,,,,
2022-08-22,544.0003662109375,549.8499755859375,569.4000244140625,546.3499755859375,567.0,5034757.0,,,,,,,,,,,,
2022-08-29,529.20947265625,534.9000244140625,551.0,532.2999877929688,535.0,5181605.0,,,,,,,,,,,,
2022-09-05,536.5307006835938,542.2999877929688,551.9000244140625,533.7999877929688,540.0,4236950.0,,,,,,,,,,,,
2022-09-12,527.4285278320312,533.0999755859375,556.75,531.4500122070312,542.2999877929688,5419019.0,,,,,,,,,,,,
2022-09-19,511.5493469238281,517.0499877929688,539.3499755859375,515.0,533.0499877929688,7565564.0,,,,,,,,,,,,
2022-09-26,505.16796875,510.6000061035156,517.7999877929688,494.2999877929688,514.7999877929688,7165831.0,,,,,,,,,,,,
2022-10-03,534.1563110351562,539.9000244140625,552.75,509.7999877929688,510.5499877929688,6539771.0,,,,,,,,,,,,
2022-10-10,508.5812377929688,514.0499877929688,538.25,505.6499938964844,535.0,4988264.0,,,,,,,,,,,,
2022-10-17,518.8706665039062,524.4500122070312,531.0,510.25,513.0999755859375,4642001.0,,,,,,,,,,,,
2022-10-24,516.6940307617188,522.25,533.9500122070312,517.5,529.0,2737023.0,,,,,,,,,,,,
2022-10-31,547.7105102539062,553.5999755859375,569.4500122070312,524.0,525.0,6959011.0,,,,,,,,,,,,
2022-11-07,484.0945434570313,489.2999877929688,564.7000122070312,464.2000122070313,556.0499877929688,24107937.0,,,,,,,,,,,,
2022-11-14,464.0105285644531,469.0,494.7999877929688,457.0,470.0,17711544.0,,,,,,,,,,,,
2022-11-21,459.1131591796875,464.0499877929688,469.6000061035156,455.1000061035156,465.0,5688665.0,,,,,,,,,,,,
2022-11-28,464.9998779296875,470.0,472.7999877929688,462.5499877929688,464.5,5418801.0,,,,,,,,,,,,
2022-12-05,449.1701049804688,454.0,472.7999877929688,450.1000061035156,472.2999877929688,4998255.0,,,,,,,,,,,,
2022-12-12,437.1493835449219,441.8500061035156,462.8999938964844,439.3999938964844,454.0,6245535.0,,,,,,,,,,,,
2022-12-19,432.84564208984375,437.5,459.2000122070313,434.4500122070313,442.8999938964844,8591364.0,,,,,,,,,,,,
2022-12-26,433.6371154785156,438.2999877929688,444.9500122070313,434.3999938964844,439.4500122070313,5448938.0,,,,,,,,,,,,
2023-01-02,437.3472290039063,442.0499877929688,455.6499938964844,429.2000122070313,439.8999938964844,6365030.0,,,,,,,,,,,,
2023-01-09,430.5206604003906,435.1499938964844,454.0,430.2999877929688,444.25,6035574.0,,,,,,,,,,,,
2023-01-16,439.9690551757813,444.7000122070313,448.75,434.25,436.4500122070313,5335600.0,,,,,,,,,,,,
2023-01-23,411.920654296875,416.3500061035156,447.7000122070313,409.0,445.9500122070313,5292292.0,,,,,,,,,,,,
2023-01-30,399.89990234375,404.2000122070313,426.0,397.2000122070313,416.3500061035156,9025349.0,,,,,,,,,,,,
2023-02-06,463.8621215820313,468.8500061035156,471.7000122070313,403.8500061035156,404.0,19176594.0,,,,,,,,,,,,
2023-02-13,468.2647399902344,473.2999877929688,482.5,464.2000122070313,469.9500122070313,8613867.0,,,,,,,,,,,,
2023-02-20,467.1783447265625,469.25,474.0,458.0499877929688,471.0,7180594.0,,,,,,,,,,,,
2023-02-27,457.9194030761719,459.9500122070313,470.25,455.6499938964844,469.25,5469745.0,,,,,,,,,,,,
2023-03-06,451.4978637695313,453.5,473.9500122070313,445.6499938964844,461.5499877929688,4598782.0,,,,,,,,,,,,
2023-03-13,475.6905822753906,477.7999877929688,494.1000061035156,444.75,452.0,13465173.0,,,,,,,,,,,,
2023-03-20,498.2405700683594,500.4500122070313,503.0,466.0,476.3999938964844,11739652.0,,,,,,,,,,,,
2023-03-27,515.8126220703125,518.0999755859375,520.7999877929688,498.3500061035156,500.5499877929688,10589024.0,,,,,,,,,,,,
2023-04-03,532.7376098632812,535.0999755859375,536.7999877929688,516.4500122070312,519.0,5368501.0,,,,,,,,,,,,
2023-04-10,563.451416015625,565.9500122070312,575.0,533.0,536.0,7596421.0,,,,,,,,,,,,
2023-04-17,585.5036010742188,588.0999755859375,595.0499877929688,556.0999755859375,565.2999877929688,12007937.0,,,,,,,,,,,,
2023-04-24,614.2760009765625,617.0,623.25,581.5999755859375,590.0499877929688,10465549.0,,,,,,,,,,,,
2023-05-01,596.4052734375,599.0499877929688,622.2999877929688,598.0999755859375,617.0,3952069.0,,,,,,,,,,,,
2023-05-08,606.510498046875,609.2000122070312,623.5499877929688,596.2000122070312,599.1500244140625,4627213.0,,,,,,,,,,,,
2023-05-15,587.4450073242188,590.0499877929688,648.2000122070312,581.25,605.2000122070312,10091329.0,,,,,,,,,,,,
2023-05-22,612.135498046875,614.8499755859375,618.0,582.1500244140625,586.0,6197409.0,,,,,,,,,,,,
2023-05-29,659.5751342773438,662.5,663.7000122070312,584.6500244140625,621.0499877929688,20301227.0,,,,,,,,,,,,
2023-06-05,666.4447021484375,669.4000244140625,674.9000244140625,653.0499877929688,663.0499877929688,4888226.0,,,,,,,,,,,,
2023-06-12,679.58642578125,682.5999755859375,690.0,661.0999755859375,670.5,6715292.0,,,,,,,,,,,,
2023-06-19,696.0634155273438,699.1500244140625,701.0,665.75,680.0,9272316.0,,,,,,,,,,,,
2023-06-26,724.1388549804688,727.3499755859375,741.8499755859375,696.5999755859375,699.0999755859375,11547482.0,,,,,,,,,,,,
2023-07-03,742.3082275390625,745.5999755859375,765.0,708.8499755859375,728.0999755859375,10436130.0,,,,,,,,,,,,
2023-07-10,735.6876220703125,738.9500122070312,751.5999755859375,720.5499877929688,750.7999877929688,7181534.0,,,,,,,,,,,,
2023-07-17,776.1083984375,779.5499877929688,791.5499877929688,730.4500122070312,739.0499877929688,10071266.0,,,,,,,,,,,,
2023-07-24,833.3047485351562,837.0,846.5,771.0,776.5999755859375,12428698.0,,,,,,,,,,,,
2023-07-31,837.8346557617188,841.5499877929688,855.9000244140625,805.6500244140625,836.0499877929688,10439873.0,,,,,,,,,,,,
2023-08-07,859.33935546875,863.1500244140625,886.0999755859375,839.0499877929688,847.0499877929688,9896431.0,,,,,,,,,,,,
2023-08-14,854.012939453125,857.7999877929688,887.7000122070312,850.6500244140625,866.5499877929688,9522583.0,,,,,,,,,,,,
2023-08-21,824.84228515625,828.5,866.8499755859375,824.9500122070312,858.0,8084549.0,,,,,,,,,,,,
2023-08-28,821.9052734375,825.5499877929688,842.5,819.3499755859375,829.9000244140625,7715847.0,,,,,,,,,,,,
2023-09-04,854.7098999023438,858.5,869.7999877929688,815.7999877929688,829.0,8701405.0,,,,,,,,,,,,
2023-09-11,894.8817138671875,898.8499755859375,907.7000122070312,855.0999755859375,858.5,12882434.0,,,,,,,,,,,,
2023-09-18,862.5750122070312,866.4000244140625,907.2000122070312,845.1500244140625,897.9500122070312,5315713.0,,,,,,,,,,,,
2023-09-25,910.313232421875,914.3499755859376,930.0,852.2000122070312,866.5999755859375,13739523.0,,,,,,,,,,,,
2023-10-02,896.8728637695312,900.8499755859376,917.4500122070312,871.0499877929688,914.3499755859376,7958787.0,,,,,,,,,,,,
2023-10-09,915.9382934570312,920.0,924.4500122070312,887.8499755859375,893.0,9776632.0,,,,,,,,,,,,
2023-10-16,862.3758544921875,866.2000122070312,921.9500122070312,862.5,917.9500122070312,6848268.0,,,,,,,,,,,,
2023-10-23,850.677734375,854.4500122070312,884.9500122070312,845.0,864.7000122070312,7329375.0,,,,,,,,,,,,
2023-10-30,850.5283813476562,854.2999877929688,871.5999755859375,834.6500244140625,862.9000244140625,7891831.0,,,,,,,,,,,,
2023-11-06,975.374755859375,979.7000122070312,984.0,856.3499755859375,858.1500244140625,16358561.0,,,,,,,,,,,,
2023-11-13,1002.9026489257812,1007.3499755859376,1015.0,959.0,977.0499877929688,10593778.0,,,,,,,,,,,,
2023-11-20,1028.240478515625,1032.800048828125,1058.0,991.5999755859376,1011.0,11405691.0,,,,,,,,,,,,
2023-11-27,1032.26025390625,1033.75,1059.6500244140625,1009.4000244140624,1032.800048828125,9083618.0,,,,,,,,,,,,
2023-12-04,1015.9338989257812,1017.4000244140624,1047.800048828125,1004.5499877929688,1042.0,8716830.0,,,,,,,,,,,,
2023-12-11,1024.9208984375,1026.4000244140625,1050.3499755859375,996.2999877929688,1015.0,10573022.0,,,,,,,,,,,,
2023-12-18,1064.86328125,1066.4000244140625,1099.9000244140625,998.5499877929688,1026.4000244140625,13930744.0,,,,,,,,,,,,
2023-12-25,1082.4378662109375,1084.0,1097.0,1046.1500244140625,1066.4000244140625,5906813.0,,,,,,,,,,,,
2024-01-01,1122.330322265625,1123.949951171875,1129.3499755859375,1077.050048828125,1085.050048828125,9340114.0,,,,,,,,,,,,
2024-01-08,1093.272216796875,1094.8499755859375,1135.0,1082.5999755859375,1133.0,8815621.0,,,,,,,,,,,,
2024-01-15,1147.0445556640625,1148.699951171875,1163.5999755859375,1061.4000244140625,1100.0,13420075.0,,,,,,,,,,,,
2024-01-22,1149.1915283203125,1150.8499755859375,1173.9000244140625,1112.6500244140625,1148.699951171875,7674411.0,,,,,,,,,,,,
2024-01-29,1065.2127685546875,1066.75,1177.0999755859375,1035.4000244140625,1151.0,24701812.0,,,,,,,,,,,,
2024-02-05,1001.7044067382812,1003.1500244140624,1074.300048828125,977.0,1052.0,25940077.0,,,,,,,,,,,,
2024-02-12,1032.7095947265625,1034.199951171875,1053.699951171875,958.5,1035.9000244140625,25931926.0,,,,,,,,,,,,
2024-02-19,1042.2958984375,1043.800048828125,1061.0,1025.050048828125,1041.050048828125,7701376.0,,,,,,,,,,,,
2024-02-26,1026.4000244140625,1026.4000244140625,1053.0,1011.1500244140624,1043.800048828125,9838478.0,,,,,,,,,,,,
2024-03-04,1058.8499755859375,1058.8499755859375,1114.0,1038.0999755859375,1080.0,9058164.0,,,,,,,,,,,,
2024-03-11,1001.3499755859376,1001.3499755859376,1085.0,984.2999877929688,1072.0,9747524.0,,,,,,,,,,,,
2024-03-18,1019.8499755859376,1019.8499755859376,1036.300048828125,986.2000122070312,989.9000244140624,8623348.0,,,,,,,,,,,,
2024-03-25,1088.75,1088.75,1099.25,995.2999877929688,1019.8499755859376,5417440.0,,,,,,,,,,,,
2024-04-01,1123.699951171875,1123.699951171875,1150.699951171875,1094.050048828125,1113.0,10165510.0,,,,,,,,,,,,
2024-04-08,1088.449951171875,1088.449951171875,1137.25,1086.0,1129.9000244140625,5538342.0,,,,,,,,,,,,
2024-04-15,1087.050048828125,1087.050048828125,1129.0,1069.300048828125,1075.0,7456259.0,,,,,,,,,,,,
2024-04-22,1131.300048828125,1131.300048828125,1137.5,1074.25,1090.25,6496384.0,,,,,,,,,,,,
2024-04-29,1151.6500244140625,1151.6500244140625,1175.800048828125,1127.25,1137.0,6430570.0,,,,,,,,,,,,
2024-05-06,1127.550048828125,1127.550048828125,1172.0,1097.0999755859375,1141.5999755859375,6625089.0,,,,,,,,,,,,
2024-05-13,1202.4000244140625,1202.4000244140625,1212.0,1117.0,1127.5,8627018.0,,,,,,,,,,,,
2024-05-20,1235.050048828125,1235.050048828125,1245.699951171875,1165.050048828125,1165.050048828125,6255990.0,,,,,,,,,,,,
2024-05-27,1185.699951171875,1185.699951171875,1238.699951171875,1162.6500244140625,1208.8499755859375,11336553.0,,,,,,,,,,,,
2024-06-03,1265.1500244140625,1265.1500244140625,1292.0999755859375,1109.449951171875,1229.0,7828439.0,,,,,,,,,,,,
2024-06-10,1259.0,1259.0,1277.6500244140625,1226.25,1272.0,5938142.0,,,,,,,,,,,,
2024-06-17,1241.0999755859375,1241.0999755859375,1268.050048828125,1207.800048828125,1259.0,6932539.0,,,,,,,,,,,,
2024-06-24,1207.5999755859375,1207.5999755859375,1246.0999755859375,1180.0999755859375,1234.949951171875,10229462.0,,,,,,,,,,,,
2024-07-01,1303.550048828125,1303.550048828125,1311.800048828125,1203.0,1214.050048828125,6766511.0,,,,,,,,,,,,
2024-07-08,1326.8499755859375,1326.8499755859375,1344.199951171875,1285.75,1305.0999755859375,5459020.0,,,,,,,,,,,,
2024-07-15,1330.800048828125,1330.800048828125,1409.9000244140625,1320.0999755859375,1360.0,10079759.0,,,,,,,,,,,,
2024-07-22,1386.199951171875,1386.199951171875,1389.0,1314.449951171875,1332.0,3950950.0,,,,,,,,,,,,
2024-07-29,1443.300048828125,1443.300048828125,1450.800048828125,1387.5999755859375,1390.0,5871152.0,,,,,,,,,,,,
2024-08-05,1449.699951171875,1449.699951171875,1488.300048828125,1395.0,1428.3499755859375,9482969.0,,,,,,,,,,,,
2024-08-12,1502.75,1502.75,1533.199951171875,1421.449951171875,1460.0,12746459.0,,,,,,,,,,,,
2024-08-19,1538.199951171875,1538.199951171875,1547.0,1490.0999755859375,1502.0999755859375,6291441.0,,,,,,,,,,,,
2024-08-26,1569.4000244140625,1569.4000244140625,1580.5999755859375,1531.0999755859375,1538.0,4502809.0,,,,,,,,,,,,
2024-09-02,1537.4000244140625,1537.4000244140625,1584.449951171875,1516.25,1580.800048828125,4899562.0,,,,,,,,,,,,
2024-09-09,1567.25,1567.25,1592.0,1502.4000244140625,1537.3499755859375,7951867.0,,,,,,,,,,,,
2024-09-16,1496.3499755859375,1496.3499755859375,1583.949951171875,1482.5999755859375,1574.8499755859375,5144655.0,,,,,,,,,,,,
2024-09-23,1511.3499755859375,1511.3499755859375,1531.449951171875,1470.0,1498.0,6096222.0,,,,,,,,,,,,
2024-09-30,1466.050048828125,1466.050048828125,1518.9000244140625,1407.0,1512.050048828125,6910700.0,,,,,,,,,,,,
2024-10-07,1495.8499755859375,1495.8499755859375,1520.050048828125,1439.5,1467.0,4437619.0,,,,,,,,,,,,
2024-10-14,1472.699951171875,1472.699951171875,1502.699951171875,1450.0,1496.0999755859375,3096009.0,,,,,,,,,,,,
2024-10-21,1428.1500244140625,1428.1500244140625,1499.5,1415.199951171875,1473.0999755859375,3080478.0,,,,,,,,,,,,
2024-10-28,1400.699951171875,1400.699951171875,1442.3499755859375,1385.050048828125,1422.3499755859375,3170418.0,,,,,,,,,,,,
2024-11-04,1327.550048828125,1327.550048828125,1417.300048828125,1319.5,1396.449951171875,6698651.0,,,,,,,,,,,,
2024-11-11,1249.0,1249.0,1360.699951171875,1240.550048828125,1331.0,5892758.0,,,,,,,,,,,,
2024-11-18,1223.699951171875,1223.699951171875,1267.3499755859375,1215.5999755859375,1245.199951171875,3134469.0,,,,,,,,,,,,
2024-11-25,1262.5999755859375,1262.5999755859375,1269.1500244140625,1218.0999755859375,1245.0,6248663.0,,,,,,,,,,,,
2024-12-02,1246.199951171875,1246.199951171875,1276.5,1233.949951171875,1263.0,6085176.0,,,,,,,,,,,,
2024-12-09,1208.4000244140625,1208.4000244140625,1259.0,1173.0999755859375,1247.449951171875,3644502.0,,,,,,,,,,,,
2024-12-16,1241.699951171875,1241.699951171875,1275.300048828125,1203.1500244140625,1225.0,6903820.0,,,,,,,,,,,,
2024-12-23,1269.949951171875,1269.949951171875,1275.0,1238.0,1263.6500244140625,2234940.0,,,,,,,,,,,,
2024-12-30,1319.449951171875,1319.449951171875,1356.199951171875,1265.949951171875,1273.0,8267652.0,,,,,,,,,,,,
2025-01-06,1199.550048828125,1199.550048828125,1328.0,1183.050048828125,1324.0,5931451.0,,,,,,,,,,,,
2025-01-13,1178.3499755859375,1178.3499755859375,1191.6500244140625,1144.1500244140625,1191.6500244140625,5461441.0,,,,,,,,,,,,
2025-01-20,1191.800048828125,1191.800048828125,1219.8499755859375,1170.75,1180.050048828125,1677325.0,,,,,,,,,,,,
