Date,Adj Close,Close,High,Low,Open,Volume,"('Date', '')","('Close', 'NMDC.NS')","('High', 'NMDC.NS')","('Low', 'NMDC.NS')","('Open', 'NMDC.NS')","('Volume', 'NMDC.NS')","('Date', '')","('Close', 'NMDC.NS')","('High', 'NMDC.NS')","('Low', 'NMDC.NS')","('Open', 'NMDC.NS')","('Volume', 'NMDC.NS')"
2019-12-30,13.039344787597656,33.11568069458008,33.730594635009766,32.57762908935547,33.06443786621094,52569112.0,,,,,,,,,,,,
2020-01-06,12.212088584899902,31.01472282409668,33.53843307495117,30.25889015197754,32.89789581298828,196770059.0,,,,,,,,,,,,
2020-01-13,13.089786529541016,33.2437858581543,34.07648086547852,31.11720848083496,31.11720848083496,113674882.0,,,,,,,,,,,,
2020-01-20,12.99898910522461,33.01319122314453,35.79311752319336,32.398277282714844,34.396751403808594,450244787.0,,,,,,,,,,,,
2020-01-27,10.582801818847656,26.87686347961425,32.79541015625,26.06978988647461,32.79541015625,162358003.0,,,,,,,,,,,,
2020-02-03,11.475630760192873,29.144359588623047,30.09235191345215,26.2491397857666,27.04340362548828,167836799.0,,,,,,,,,,,,
2020-02-10,10.729084968566896,27.248374938964844,29.567113876342773,27.06902503967285,28.95219993591309,152389299.0,,,,,,,,,,,,
2020-02-17,10.592891693115234,26.90248680114746,27.607074737548828,24.82715034484864,27.350860595703125,133895567.0,,,,,,,,,,,,
2020-02-24,11.419809341430664,23.366729736328125,26.90248680114746,22.64933013916016,26.64627265930176,132498930.0,,,,,,,,,,,,
2020-03-02,11.74537467956543,24.03288650512696,24.955257415771484,22.687763214111328,23.80229377746582,145037543.0,,,,,,,,,,,,
2020-03-09,9.453899383544922,19.344167709350582,23.35391998291016,15.769981384277344,22.64933013916016,211232275.0,,,,,,,,,,,,
2020-03-16,9.003117561340332,18.42179679870605,21.637285232543945,16.397705078125,18.93422508239746,312746412.0,,,,,,,,,,,,
2020-03-23,9.209726333618164,18.84455108642578,19.062332153320312,15.898088455200195,16.653919219970703,134954837.0,,,,,,,,,,,,
2020-03-30,9.92346477508545,20.30497169494629,21.009559631347656,17.665964126586914,18.19120407104492,99916406.0,,,,,,,,,,,,
2020-04-06,9.986074447631836,20.43307876586914,20.881452560424805,19.087953567504883,20.30497169494629,70930393.0,,,,,,,,,,,,
2020-04-13,10.073725700378418,20.612428665161133,22.11128044128418,19.856595993041992,20.47150993347168,85030726.0,,,,,,,,,,,,
2020-04-20,9.241029739379885,18.90860366821289,20.996749877929688,18.473039627075195,20.98393821716309,168982121.0,,,,,,,,,,,,
2020-04-27,10.086246490478516,20.638050079345703,20.894264221191406,18.408985137939453,19.01108932495117,69871981.0,,,,,,,,,,,,
2020-05-04,9.159640312194824,18.7420654296875,19.946271896362305,18.293689727783203,19.421031951904297,97080193.0,,,,,,,,,,,,
2020-05-11,9.247291564941406,18.92141532897949,19.63881492614746,17.89655876159668,18.90860366821289,71119042.0,,,,,,,,,,,,
2020-05-18,9.071988105773926,18.562715530395508,19.395410537719727,18.06309700012207,19.100765228271484,94134996.0,,,,,,,,,,,,
2020-05-25,10.161377906799316,20.791778564453125,21.03518295288086,18.562715530395508,18.562715530395508,96246230.0,,,,,,,,,,,,
2020-06-01,11.12554931640625,22.76462745666504,23.123327255249023,21.15047836303711,21.27858543395996,124019049.0,,,,,,,,,,,,
2020-06-08,10.95024585723877,22.40592765808105,24.314722061157227,20.843021392822266,23.187379837036133,131283514.0,,,,,,,,,,,,
2020-06-15,10.324159622192385,21.12485694885254,22.90554428100586,20.90707397460937,22.380306243896484,151966555.0,,,,,,,,,,,,
2020-06-22,10.537028312683104,21.560420989990234,22.99522018432617,21.137666702270508,21.521987915039062,194079908.0,,,,,,,,,,,,
2020-06-29,10.33668327331543,21.15047836303711,21.624473571777344,20.39464569091797,21.45793533325196,116000897.0,,,,,,,,,,,,
2020-07-06,10.555810928344728,21.598852157592773,22.418737411499023,21.03518295288086,21.30420684814453,158489524.0,,,,,,,,,,,,
2020-07-13,10.799983978271484,22.09847068786621,22.39311790466309,20.59961700439453,21.573230743408203,121073703.0,,,,,,,,,,,,
2020-07-20,10.637202262878418,21.7653923034668,22.329063415527344,21.137666702270508,22.303442001342773,142499413.0,,,,,,,,,,,,
2020-07-27,10.493202209472656,21.47074508666992,22.674951553344727,21.0736141204834,21.752580642700195,175803298.0,,,,,,,,,,,,
2020-08-03,11.156854629516602,22.82868194580078,22.91835594177246,21.41950225830078,21.44512367248535,125354180.0,,,,,,,,,,,,
2020-08-10,11.657722473144531,23.85353660583496,24.46845054626465,22.64933013916016,22.99522018432617,176533289.0,,,,,,,,,,,,
2020-08-17,12.033374786376951,24.622180938720703,25.416444778442383,23.95602226257324,24.135372161865234,120469466.0,,,,,,,,,,,,
2020-08-24,13.46084976196289,27.54302024841309,28.02982711791992,24.007265090942383,24.72466468811035,354875423.0,,,,,,,,,,,,
2020-08-31,11.732852935791016,24.007265090942383,26.81281089782715,23.82791519165039,26.64627265930176,245536675.0,,,,,,,,,,,,
2020-09-07,11.2445068359375,23.008031845092773,24.75028610229492,22.04722785949707,24.186616897583008,165749974.0,,,,,,,,,,,,
2020-09-14,10.881376266479492,22.2650089263916,24.26347923278809,22.13690185546875,23.315488815307617,236509897.0,,,,,,,,,,,,
2020-09-21,9.929725646972656,20.31778144836425,22.380306243896484,19.36978912353516,22.380306243896484,172887324.0,,,,,,,,,,,,
2020-09-28,10.342941284179688,21.16328811645508,21.483556747436523,20.47150993347168,20.50994300842285,94354036.0,,,,,,,,,,,,
2020-10-05,10.211464881896973,20.894264221191406,21.880687713623047,20.843021392822266,21.38107109069824,106597874.0,,,,,,,,,,,,
2020-10-12,10.399291038513184,21.27858543395996,21.41950225830078,19.971893310546875,20.919885635375977,132158442.0,,,,,,,,,,,,
2020-10-19,10.62468147277832,21.739770889282227,22.341873168945312,21.17609977722168,21.41950225830078,109924295.0,,,,,,,,,,,,
2020-10-26,10.324159622192385,21.12485694885254,21.7653923034668,20.343402862548828,21.739770889282227,85862222.0,,,,,,,,,,,,
2020-11-02,11.319635391235352,23.16175842285156,23.315488815307617,20.95831680297852,21.18890953063965,154716645.0,,,,,,,,,,,,
2020-11-09,11.770419120788574,24.084129333496094,24.44282913208008,22.598087310791016,23.366729736328125,237588035.0,,,,,,,,,,,,
2020-11-16,11.70154857635498,23.94321250915528,25.36520195007324,23.73824119567871,23.73824119567871,222127996.0,,,,,,,,,,,,
2020-11-23,12.070940017700195,24.69904327392578,25.3011474609375,23.59732246398925,24.084129333496094,209228907.0,,,,,,,,,,,,
2020-11-30,13.379461288452148,27.37648200988769,27.6198844909668,24.57093620300293,24.69904327392578,246196049.0,,,,,,,,,,,,
2020-12-07,13.880331039428713,28.401338577270508,29.144359588623047,26.697513580322266,27.65831756591797,194945328.0,,,,,,,,,,,,
2020-12-14,14.48763370513916,29.64397621154785,30.950668334960938,28.824092864990234,28.824092864990234,332172654.0,,,,,,,,,,,,
2020-12-21,14.193371772766112,29.04187393188477,30.310134887695312,27.440534591674805,29.61835670471192,205544731.0,,,,,,,,,,,,
2020-12-28,14.569024085998535,29.810516357421875,30.19483757019043,28.87533569335937,29.25965690612793,170107823.0,,,,,,,,,,,,
2021-01-04,15.714760780334473,32.154876708984375,33.17973327636719,30.10516357421875,30.24608039855957,311798385.0,,,,,,,,,,,,
2021-01-11,15.245196342468262,31.194072723388672,33.43594741821289,31.01472282409668,32.334224700927734,172242636.0,,,,,,,,,,,,
2021-01-18,14.011807441711426,28.67036247253418,31.36061286926269,28.491012573242188,31.270936965942383,167691842.0,,,,,,,,,,,,
2021-01-25,13.172853469848633,26.9537296295166,28.977819442749023,26.710325241088867,28.939388275146484,114452629.0,,,,,,,,,,,,
2021-02-01,14.53145980834961,29.733652114868164,30.2332706451416,26.556596755981445,27.197132110595703,221351422.0,,,,,,,,,,,,
2021-02-08,14.074414253234863,28.79846954345703,31.655258178710938,28.43977165222168,29.72084045410156,264712609.0,,,,,,,,,,,,
2021-02-15,14.76937198638916,30.220458984375,31.61682510375977,28.5806884765625,28.824092864990234,266107787.0,,,,,,,,,,,,
2021-02-22,15.902583122253418,32.5391960144043,33.66653823852539,30.079540252685547,30.489484786987305,314961786.0,,,,,,,,,,,,
2021-03-01,16.64137077331543,34.05086135864258,35.76749420166016,32.71854782104492,33.12849044799805,298595952.0,,,,,,,,,,,,
2021-03-08,16.791629791259766,34.35831832885742,35.8443603515625,32.923519134521484,35.25506591796875,239366314.0,,,,,,,,,,,,
2021-03-15,16.697717666625977,34.16615676879883,35.22944641113281,32.46233367919922,34.64015197753906,219216774.0,,,,,,,,,,,,
2021-03-22,15.8712797164917,32.47514343261719,34.07648086547852,31.25812530517578,32.70573425292969,216053464.0,,,,,,,,,,,,
2021-03-29,22.430967330932617,35.47285079956055,35.665008544921875,32.47514343261719,32.47514343261719,169791240.0,,,,,,,,,,,,
2021-04-05,23.532665252685547,37.21510314941406,37.4585075378418,34.85793685913086,35.613765716552734,241786440.0,,,,,,,,,,,,
2021-04-12,23.08712577819824,36.51051712036133,37.2279167175293,34.11491394042969,36.38240814208984,160927755.0,,,,,,,,,,,,
2021-04-19,22.46337127685547,35.52409362792969,36.65143585205078,34.8835563659668,35.48566055297852,97242011.0,,,,,,,,,,,,
2021-04-26,25.23382377624512,39.90535354614258,40.66118621826172,35.677818298339844,35.93403625488281,244111570.0,,,,,,,,,,,,
2021-05-03,29.93225479125977,47.33556365966797,49.39808654785156,38.76520156860352,38.94454956054688,435664758.0,,,,,,,,,,,,
2021-05-10,30.09427070617676,47.59177780151367,54.62485885620117,46.810325622558594,48.68069076538086,793560470.0,,,,,,,,,,,,
2021-05-17,28.54702949523925,45.14493179321289,49.84646224975586,44.85028839111328,47.71988677978516,455031447.0,,,,,,,,,,,,
2021-05-24,29.04117584228516,45.926387786865234,47.860801696777344,43.94072723388672,44.32504653930664,296492134.0,,,,,,,,,,,,
2021-05-31,31.31748390197754,49.52619552612305,49.69273376464844,45.51644515991211,46.11854553222656,228215802.0,,,,,,,,,,,,
2021-06-07,29.794544219970703,47.11778259277344,50.01300048828125,45.19617462158203,50.01300048828125,434677459.0,,,,,,,,,,,,
2021-06-14,28.871057510375977,45.65736389160156,47.963287353515625,43.966346740722656,47.11778259277344,297550874.0,,,,,,,,,,,,
2021-06-21,28.79814910888672,45.54206466674805,48.42447662353516,44.5300178527832,44.83747482299805,380289097.0,,,,,,,,,,,,
2021-06-28,29.6406307220459,46.8743782043457,47.88642501831055,45.81108856201172,45.9391975402832,328691921.0,,,,,,,,,,,,
2021-07-05,27.14559936523437,42.92868041992188,47.23307800292969,42.44187545776367,47.130592346191406,767443337.0,,,,,,,,,,,,
2021-07-12,28.95206642150879,45.78546905517578,46.05449295043945,42.33938980102539,43.043975830078125,569877694.0,,,,,,,,,,,,
2021-07-19,28.109588623046875,44.453155517578125,45.926387786865234,43.62046051025391,45.32428359985352,350172117.0,,,,,,,,,,,,
2021-07-26,29.357097625732425,46.426002502441406,47.783939361572266,43.90229415893555,44.47877883911133,425055808.0,,,,,,,,,,,,
2021-08-02,28.895357131958008,45.69579315185547,47.20745849609375,44.69655990600586,46.72064971923828,243649190.0,,,,,,,,,,,,
2021-08-09,27.826061248779297,44.00477981567383,45.964820861816406,42.77495193481445,45.964820861816406,239153201.0,,,,,,,,,,,,
2021-08-16,24.464252471923828,38.68833541870117,44.95277404785156,38.50898742675781,43.812618255615234,239453201.0,,,,,,,,,,,,
2021-08-23,24.658668518066406,38.995792388916016,40.45621490478516,37.21510314941406,39.0982780456543,451837830.0,,,,,,,,,,,,
2021-08-30,25.04750633239746,39.6107063293457,40.16156768798828,38.43212127685547,39.45697784423828,225142403.0,,,,,,,,,,,,
2021-09-06,24.626266479492188,38.94454956054688,39.94378662109375,38.6755256652832,39.45697784423828,115996411.0,,,,,,,,,,,,
2021-09-13,23.880998611450195,37.76596450805664,39.636329650878906,37.42007827758789,38.94454956054688,190810994.0,,,,,,,,,,,,
2021-09-20,22.68208694458008,35.86997985839844,37.59942626953125,34.21739959716797,36.68986511230469,309702130.0,,,,,,,,,,,,
2021-09-27,23.27344512939453,36.8051643371582,38.02217864990234,35.51128005981445,36.11338424682617,238005897.0,,,,,,,,,,,,
2021-10-04,23.58937263488769,37.304779052734375,38.31682586669922,36.587379455566406,37.09980773925781,230426658.0,,,,,,,,,,,,
2021-10-11,24.87738990783692,39.34168243408203,39.713191986083984,37.407264709472656,37.50975036621094,271370123.0,,,,,,,,,,,,
2021-10-18,23.08712577819824,36.51051712036133,40.89177703857422,36.12619400024414,39.866920471191406,294873605.0,,,,,,,,,,,,
2021-10-25,23.19243431091309,36.67705535888672,37.09980773925781,34.10210418701172,36.63862228393555,367624942.0,,,,,,,,,,,,
2021-11-01,23.06282424926757,36.47208404541016,37.57380676269531,36.12619400024414,36.89483642578125,133471980.0,,,,,,,,,,,,
2021-11-08,23.17623519897461,36.65143585205078,38.04780197143555,36.29273223876953,36.89483642578125,175864198.0,,,,,,,,,,,,
2021-11-15,22.00162124633789,34.793880462646484,36.88202667236328,34.665775299072266,36.84359359741211,108325816.0,,,,,,,,,,,,
2021-11-22,22.0178279876709,34.81950378417969,37.08699798583984,34.11491394042969,34.96042251586914,237724644.0,,,,,,,,,,,,
2021-11-29,23.646072387695312,37.39445495605469,37.79158782958984,33.51280975341797,34.845123291015625,328192510.0,,,,,,,,,,,,
2021-12-06,23.96200561523437,37.894073486328125,38.03499221801758,36.254302978515625,37.15105056762695,271372449.0,,,,,,,,,,,,
2021-12-13,21.863910675048828,34.57609939575195,38.45774459838867,34.38393783569336,38.27839279174805,206629038.0,,,,,,,,,,,,
2021-12-20,28.20842742919922,33.973995208740234,35.10133743286133,32.02676773071289,34.25583267211914,130361699.0,,,,,,,,,,,,
2021-12-27,28.35733985900879,34.15334701538086,34.4351806640625,33.256595611572266,33.9483757019043,112011945.0,,,,,,,,,,,,
2022-01-03,29.49547004699707,35.52409362792969,35.80592727661133,34.23020935058594,34.4351806640625,84797616.0,,,,,,,,,,,,
2022-01-10,31.04841995239257,37.39445495605469,37.63785934448242,34.87074661254883,35.88279342651367,153620621.0,,,,,,,,,,,,
2022-01-17,29.72947120666504,35.80592727661133,37.50975036621094,35.46003723144531,37.50975036621094,102623322.0,,,,,,,,,,,,
2022-01-24,29.378461837768555,35.383174896240234,36.16462707519531,34.025238037109375,35.80592727661133,124280557.0,,,,,,,,,,,,
2022-01-31,32.633277893066406,39.30324935913086,39.8284912109375,35.383174896240234,35.94684600830078,303434338.0,,,,,,,,,,,,
2022-02-07,33.64376449584961,40.520267486572266,41.35296249389648,38.52179718017578,39.43135833740234,293787595.0,,,,,,,,,,,,
2022-02-14,30.240034103393555,36.420841217041016,40.30248641967773,36.2671127319336,39.96940612792969,246629487.0,,,,,,,,,,,,
2022-02-21,31.53489875793457,36.12619400024414,37.07418823242188,34.28145217895508,36.12619400024414,193118813.0,,,,,,,,,,,,
2022-02-28,33.12282943725586,37.94531631469727,40.07189178466797,35.716251373291016,36.1005744934082,181531991.0,,,,,,,,,,,,
2022-03-07,35.180423736572266,40.30248641967773,40.48183441162109,37.56099319458008,37.57380676269531,232913735.0,,,,,,,,,,,,
2022-03-14,33.8385124206543,38.76520156860352,40.84053421020508,37.59942626953125,40.30248641967773,177908537.0,,,,,,,,,,,,
2022-03-21,35.146873474121094,40.26405334472656,41.19923400878906,38.175907135009766,39.008602142333984,207076517.0,,,,,,,,,,,,
2022-03-28,37.24919891357422,42.67246627807617,42.77495193481445,39.95659637451172,40.48183441162109,232463427.0,,,,,,,,,,,,
2022-04-04,39.01605224609375,44.69655990600586,44.83747482299805,42.78776168823242,42.979923248291016,229202124.0,,,,,,,,,,,,
2022-04-11,37.48403930664063,42.94149017333984,44.92715072631836,42.83900451660156,44.70936965942383,92233712.0,,,,,,,,,,,,
2022-04-18,37.32748031616211,42.76214218139648,44.517208099365234,42.45468521118164,43.043975830078125,147339180.0,,,,,,,,,,,,
2022-04-25,35.929656982421875,41.16080474853516,42.19847106933594,40.32810592651367,41.76290512084961,125933044.0,,,,,,,,,,,,
2022-05-02,34.0957145690918,39.05984878540039,41.50669097900391,38.63709259033203,40.7380485534668,85273866.0,,,,,,,,,,,,
2022-05-09,30.43900680541992,34.87074661254883,38.63709259033203,34.678585052490234,38.56023025512695,146229885.0,,,,,,,,,,,,
2022-05-16,32.75380325317383,37.522560119628906,37.62504959106445,34.845123291015625,35.35755157470703,107951712.0,,,,,,,,,,,,
2022-05-23,27.945289611816406,32.01395797729492,35.05009460449219,30.540727615356445,35.05009460449219,281679159.0,,,,,,,,,,,,
2022-05-30,28.370229721069336,32.50076675415039,33.21816635131836,31.52715110778809,32.282981872558594,143073370.0,,,,,,,,,,,,
2022-06-06,26.72638893127441,30.61759185791016,32.20611953735352,30.24608039855957,31.75774383544922,180669244.0,,,,,,,,,,,,
2022-06-13,24.288583755493164,27.824857711791992,30.29732322692871,27.22275352478028,30.29732322692871,140154331.0,,,,,,,,,,,,
2022-06-20,24.05374526977539,27.555831909179688,27.94015312194824,26.01854705810547,27.90172004699707,161918543.0,,,,,,,,,,,,
2022-06-27,24.52341651916504,28.093881607055664,28.70879554748535,27.248374938964844,28.02982711791992,149394808.0,,,,,,,,,,,,
2022-07-04,24.36685943603516,27.914531707763672,28.52944564819336,26.530975341796875,27.466157913208008,190526599.0,,,,,,,,,,,,
2022-07-11,22.34281349182129,25.595792770385746,28.362905502319336,25.51892852783203,27.607074737548828,319568774.0,,,,,,,,,,,,
2022-07-18,23.270967483520508,26.659082412719727,27.05621337890625,25.749521255493164,25.749521255493164,148177272.0,,,,,,,,,,,,
2022-07-25,24.10966110229492,27.6198844909668,28.004207611083984,26.36443519592285,26.77437973022461,155365048.0,,,,,,,,,,,,
2022-08-01,24.80298042297364,28.41414833068848,28.79846954345703,26.710325241088867,27.86328887939453,767020764.0,,,,,,,,,,,,
2022-08-08,26.14488983154297,29.95143318176269,30.27170181274414,28.695985794067383,28.76003837585449,328566382.0,,,,,,,,,,,,
2022-08-15,25.94360542297364,29.72084045410156,30.24608039855957,29.45181655883789,29.95143318176269,221089049.0,,,,,,,,,,,,
2022-08-22,27.49798583984375,31.50152969360352,32.02676773071289,28.619121551513672,29.31089973449707,405059806.0,,,,,,,,,,,,
2022-08-29,27.2855167388916,31.25812530517578,32.0908203125,30.630401611328125,30.630401611328125,138328636.0,,,,,,,,,,,,
2022-09-05,27.721635818481445,31.75774383544922,32.06520080566406,31.04034423828125,31.24531555175781,125077588.0,,,,,,,,,,,,
2022-09-12,27.99001884460449,32.06520080566406,33.0516242980957,31.655258178710938,32.00114822387695,232025395.0,,,,,,,,,,,,
2022-09-19,28.605064392089844,32.76979064941406,33.99961853027344,31.898662567138672,32.218929290771484,161708125.0,,,,,,,,,,,,
2022-09-26,28.571514129638672,32.73135757446289,33.038814544677734,30.8994255065918,32.23173904418945,134152263.0,,,,,,,,,,,,
2022-10-03,30.15944099426269,34.550479888916016,34.742637634277344,32.03957748413086,32.71854782104492,88893503.0,,,,,,,,,,,,
2022-10-10,29.600313186645508,33.909942626953125,35.216636657714844,32.282981872558594,34.26864242553711,183967902.0,,,,,,,,,,,,
2022-10-17,29.15300750732422,33.39751434326172,35.03728485107422,33.0516242980957,33.961185455322266,173330129.0,,,,,,,,,,,,
2022-10-24,29.3734073638916,33.650001525878906,36.34999847412109,30.75,33.9483757019043,284331615.0,,,,,,,,,,,,
2022-10-31,32.50132751464844,37.23333358764648,37.633331298828125,32.86666488647461,33.93333435058594,261171981.0,,,,,,,,,,,,
2022-11-07,33.08327102661133,37.900001525878906,38.31666564941406,37.26666641235352,37.650001525878906,69203007.0,,,,,,,,,,,,
2022-11-14,32.32674789428711,37.03333282470703,38.33333206176758,34.83333206176758,38.06666564941406,168010170.0,,,,,,,,,,,,
2022-11-21,34.421730041503906,39.43333435058594,39.900001525878906,37.34999847412109,37.83333206176758,150141834.0,,,,,,,,,,,,
2022-11-28,34.88728713989258,39.96666717529297,40.5,38.81666564941406,39.28333282470703,106118886.0,,,,,,,,,,,,
2022-12-05,35.54196548461914,40.71666717529297,41.96666717529297,39.78333282470703,40.29999923706055,101919912.0,,,,,,,,,,,,
2022-12-12,35.94932556152344,41.18333435058594,42.25,40.0,40.59999847412109,77012532.0,,,,,,,,,,,,
2022-12-19,32.45768737792969,37.18333435058594,41.46666717529297,37.06666564941406,41.26666641235352,94936725.0,,,,,,,,,,,,
2022-12-26,35.803836822509766,41.01666641235352,41.23333358764648,37.20000076293945,37.25,129313245.0,,,,,,,,,,,,
2023-01-02,35.44012451171875,40.59999847412109,42.51666641235352,40.06666564941406,41.400001525878906,121254483.0,,,,,,,,,,,,
2023-01-09,38.14614486694336,43.70000076293945,43.93333435058594,40.84999847412109,40.98333358764648,140342361.0,,,,,,,,,,,,
2023-01-16,37.0841064453125,42.48333358764648,43.633331298828125,41.71666717529297,43.29999923706055,102365460.0,,,,,,,,,,,,
2023-01-23,35.774742126464844,40.98333358764648,43.08333206176758,40.26666641235352,42.59999847412109,65459982.0,,,,,,,,,,,,
2023-01-30,34.5235710144043,39.54999923706055,41.95000076293945,38.83333206176758,41.18333435058594,94579548.0,,,,,,,,,,,,
2023-02-06,34.56721878051758,39.59999847412109,40.66666412353516,38.58333206176758,39.54999923706055,51796296.0,,,,,,,,,,,,
2023-02-13,35.26554870605469,40.400001525878906,41.25,38.04999923706055,39.650001525878906,121425063.0,,,,,,,,,,,,
2023-02-20,32.588623046875,37.33333206176758,40.98333358764648,37.18333435058594,40.71666717529297,185254701.0,,,,,,,,,,,,
2023-02-27,34.103111267089844,37.81666564941406,38.5,36.68333435058594,37.48333358764648,162733212.0,,,,,,,,,,,,
2023-03-06,34.418739318847656,38.16666412353516,38.58333206176758,37.150001525878906,37.91666412353516,106487475.0,,,,,,,,,,,,
2023-03-13,34.584068298339844,38.34999847412109,39.36666488647461,37.53333282470703,38.33333206176758,142771533.0,,,,,,,,,,,,
2023-03-20,32.570045471191406,36.11666488647461,38.31666564941406,36.0,37.66666412353516,116459883.0,,,,,,,,,,,,
2023-03-27,33.5319709777832,37.18333435058594,37.41666412353516,35.21666717529297,36.16666412353516,84399654.0,,,,,,,,,,,,
2023-04-03,33.36663818359375,37.0,37.71666717529297,36.33333206176758,37.33333206176758,63768843.0,,,,,,,,,,,,
2023-04-10,33.45682144165039,37.09999847412109,38.20000076293945,36.73333358764648,37.01666641235352,59325861.0,,,,,,,,,,,,
2023-04-17,33.02095031738281,36.61666488647461,38.20000076293945,35.883331298828125,37.06666564941406,100055439.0,,,,,,,,,,,,
2023-04-24,32.61513900756836,36.16666412353516,36.81666564941406,35.983333587646484,36.61666488647461,69528057.0,,,,,,,,,,,,
2023-05-01,32.53998947143555,36.08333206176758,37.26666641235352,36.0,36.16666412353516,91406721.0,,,,,,,,,,,,
2023-05-08,32.074058532714844,35.56666564941406,36.70000076293945,35.51666641235352,36.33333206176758,97961568.0,,,,,,,,,,,,
2023-05-15,31.75842666625977,35.21666717529297,35.983333587646484,34.58333206176758,35.68333435058594,113364033.0,,,,,,,,,,,,
2023-05-22,32.013938903808594,35.5,35.71666717529297,34.61666488647461,35.21666717529297,132515295.0,,,,,,,,,,,,
2023-05-29,32.73537826538086,36.29999923706055,36.43333435058594,35.11666488647461,35.66666412353516,129347361.0,,,,,,,,,,,,
2023-06-05,32.329566955566406,35.849998474121094,36.83333206176758,35.53333282470703,36.66666412353516,96797460.0,,,,,,,,,,,,
2023-06-12,32.16423416137695,35.66666412353516,36.76666641235352,35.599998474121094,35.983333587646484,102767184.0,,,,,,,,,,,,
2023-06-19,31.47285842895508,34.900001525878906,36.06666564941406,34.79999923706055,35.733333587646484,108068313.0,,,,,,,,,,,,
2023-06-26,31.45782470703125,34.883331298828125,35.29999923706055,34.599998474121094,34.93333435058594,106626438.0,,,,,,,,,,,,
2023-07-03,32.13417434692383,35.633331298828125,36.01666641235352,35.233333587646484,35.33333206176758,98657196.0,,,,,,,,,,,,
2023-07-10,33.96783828735352,37.66666412353516,37.83333206176758,35.46666717529297,35.71666717529297,192743148.0,,,,,,,,,,,,
2023-07-17,33.36663818359375,37.0,38.21666717529297,36.75,38.0,100391709.0,,,,,,,,,,,,
2023-07-24,33.83256912231445,37.51666641235352,37.84999847412109,36.78333282470703,36.98333358764648,93142134.0,,,,,,,,,,,,
2023-07-31,34.042991638183594,37.75,39.56666564941406,37.400001525878906,37.70000076293945,191926740.0,,,,,,,,,,,,
2023-08-07,34.19328689575195,37.91666412353516,38.21666717529297,36.96666717529297,37.91666412353516,123804279.0,,,,,,,,,,,,
2023-08-14,34.644187927246094,38.41666412353516,39.71666717529297,37.59999847412109,38.33333206176758,207572634.0,,,,,,,,,,,,
2023-08-21,35.891685485839844,39.79999923706055,41.36666488647461,38.45000076293945,38.66666412353516,205091763.0,,,,,,,,,,,,
2023-08-28,39.22834777832031,43.5,43.633331298828125,39.86666488647461,40.23333358764648,259470042.0,,,,,,,,,,,,
2023-09-04,45.98798751831055,47.46666717529297,48.53333282470703,44.33333206176758,44.36666488647461,350822988.0,,,,,,,,,,,,
2023-09-11,48.41010665893555,49.96666717529297,51.41666412353516,45.21666717529297,47.66666412353516,353708913.0,,,,,,,,,,,,
2023-09-18,46.24634552001953,47.73333358764648,50.51666641235352,47.03333282470703,49.96666717529297,138309510.0,,,,,,,,,,,,
2023-09-25,47.78035354614258,49.31666564941406,49.650001525878906,47.133331298828125,47.73333358764648,164754051.0,,,,,,,,,,,,
2023-10-02,47.08601379394531,48.59999847412109,49.98333358764648,47.883331298828125,49.31666564941406,125691912.0,,,,,,,,,,,,
2023-10-09,51.63959884643555,53.29999923706055,54.70000076293945,46.883331298828125,48.0,430152738.0,,,,,,,,,,,,
2023-10-16,51.04214477539063,52.68333435058594,55.84999847412109,52.03333282470703,53.79999923706055,264676962.0,,,,,,,,,,,,
2023-10-23,49.863380432128906,51.46666717529297,52.93333435058594,49.73333358764648,52.66666412353516,164555313.0,,,,,,,,,,,,
2023-10-30,51.49427795410156,53.150001525878906,53.75,50.83333206176758,51.46666717529297,117040944.0,,,,,,,,,,,,
2023-11-06,54.4815559387207,56.23333358764648,56.53333282470703,53.150001525878906,53.54999923706055,182914191.0,,,,,,,,,,,,
2023-11-13,54.546146392822266,56.29999923706055,59.26666641235352,55.58333206176758,57.650001525878906,222693198.0,,,,,,,,,,,,
2023-11-20,55.9348258972168,57.73333358764648,59.11666488647461,55.71666717529297,56.93333435058594,214549248.0,,,,,,,,,,,,
2023-11-27,58.792930603027344,60.68333435058594,61.56666564941406,57.73333358764648,57.73333358764648,197466549.0,,,,,,,,,,,,
2023-12-04,59.29349899291992,61.20000076293945,63.0,60.23333358764648,61.76666641235352,141637725.0,,,,,,,,,,,,
2023-12-11,62.95896911621094,64.98332977294922,65.93333435058594,60.5,61.33333206176758,196517691.0,,,,,,,,,,,,
2023-12-18,63.10430145263672,65.13333129882812,66.21666717529297,59.96666717529297,64.98332977294922,213301302.0,,,,,,,,,,,,
2023-12-25,67.70632934570312,69.88333129882812,70.88333129882812,64.94999694824219,65.13333129882812,273415620.0,,,,,,,,,,,,
2024-01-01,71.92081451416016,74.23332977294922,75.76666259765625,69.75,70.30000305175781,308583372.0,,,,,,,,,,,,
2024-01-08,68.25534057617188,70.44999694824219,74.61666870117188,69.51666259765625,74.55000305175781,185634855.0,,,,,,,,,,,,
2024-01-15,68.0938720703125,70.28333282470703,71.63333129882812,65.53333282470703,71.5,233339127.0,,,,,,,,,,,,
2024-01-22,70.12844848632812,72.38333129882812,72.56666564941406,67.16666412353516,70.28333282470703,167740377.0,,,,,,,,,,,,
2024-01-29,76.07071685791016,78.51666259765625,79.16666412353516,72.46666717529297,73.18333435058594,262679169.0,,,,,,,,,,,,
2024-02-05,77.99227142333984,80.5,82.3499984741211,77.91666412353516,80.0,272472447.0,,,,,,,,,,,,
2024-02-12,78.91266632080078,81.44999694824219,84.13333129882812,74.43333435058594,80.25,388718037.0,,,,,,,,,,,,
2024-02-19,76.95882415771484,79.43333435058594,83.46666717529297,77.0999984741211,81.93333435058594,261512166.0,,,,,,,,,,,,
2024-02-26,74.61744689941406,77.01666259765625,79.73332977294922,73.75,79.38333129882812,703042512.0,,,,,,,,,,,,
2024-03-04,79.05503845214844,79.5999984741211,81.73332977294922,77.94999694824219,78.83333587646484,176004375.0,,,,,,,,,,,,
2024-03-11,65.66402435302734,66.11666870117188,79.16666412353516,63.45000076293945,78.33333587646484,321848151.0,,,,,,,,,,,,
2024-03-18,67.43514251708984,67.9000015258789,69.69999694824219,65.01666259765625,66.13333129882812,301711953.0,,,,,,,,,,,,
2024-03-25,66.78959655761719,67.25,68.73332977294922,66.16666412353516,67.9000015258789,101069472.0,,,,,,,,,,,,
2024-04-01,72.13607025146484,72.63333129882812,73.58333587646484,67.76666259765625,68.26666259765625,219373851.0,,,,,,,,,,,,
2024-04-08,79.08815002441406,79.63333129882812,81.48332977294922,72.38333129882812,73.21666717529297,290932524.0,,,,,,,,,,,,
2024-04-15,78.01223754882812,78.55000305175781,82.28333282470703,76.44999694824219,77.8499984741211,207225852.0,,,,,,,,,,,,
2024-04-22,85.39466857910156,85.98332977294922,86.5,77.98332977294922,79.33333587646484,261075501.0,,,,,,,,,,,,
2024-04-29,89.03623962402344,89.6500015258789,89.96666717529297,84.06666564941406,86.91666412353516,220835826.0,,,,,,,,,,,,
2024-05-06,84.55049133300781,85.13333129882812,91.06666564941406,82.81666564941406,90.56666564941406,235751616.0,,,,,,,,,,,,
2024-05-13,92.74401092529295,93.38333129882812,93.81666564941406,82.06666564941406,85.13333129882812,177770277.0,,,,,,,,,,,,
2024-05-20,88.68863677978516,89.30000305175781,95.4499969482422,87.88333129882812,92.21666717529295,161609763.0,,,,,,,,,,,,
2024-05-27,86.12298583984375,86.71666717529297,90.05000305175781,82.73332977294922,90.05000305175781,221376633.0,,,,,,,,,,,,
2024-06-03,85.57675170898438,86.16666412353516,91.03333282470705,70.38333129882812,91.0,248760579.0,,,,,,,,,,,,
2024-06-10,88.52310943603516,89.13333129882812,89.56666564941406,84.16666412353516,86.33333587646484,108120723.0,,,,,,,,,,,,
2024-06-17,89.28453063964844,89.9000015258789,91.86666870117188,86.41666412353516,89.13333129882812,135107202.0,,,,,,,,,,,,
2024-06-24,81.45516204833984,82.01666259765625,89.23332977294922,80.41666412353516,89.1500015258789,206363232.0,,,,,,,,,,,,
2024-07-01,83.51760864257812,84.09333038330078,85.13333129882812,80.80000305175781,81.66666412353516,261878958.0,,,,,,,,,,,,
2024-07-08,81.5246810913086,82.08666229248047,84.7300033569336,79.8566665649414,84.39666748046875,130698438.0,,,,,,,,,,,,
2024-07-15,75.73129272460938,76.25333404541016,83.57333374023438,76.00333404541016,82.33333587646484,91556106.0,,,,,,,,,,,,
2024-07-22,78.97227478027344,79.51666259765625,79.77333068847656,73.62666320800781,76.0,134590584.0,,,,,,,,,,,,
2024-07-29,78.09830474853516,78.63666534423828,83.04666900634766,78.18333435058594,80.03333282470703,120554490.0,,,,,,,,,,,,
2024-08-05,73.33778381347656,73.84333038330078,77.16000366210938,72.83999633789062,76.98999786376953,106146687.0,,,,,,,,,,,,
2024-08-12,71.98709869384766,72.48332977294922,78.31666564941406,70.0199966430664,73.0,188146713.0,,,,,,,,,,,,
2024-08-19,73.41392517089844,73.91999816894531,75.96333312988281,72.4000015258789,73.23332977294922,118192917.0,,,,,,,,,,,,
2024-08-26,73.71187591552734,74.22000122070312,77.69999694824219,73.51666259765625,74.33333587646484,98729061.0,,,,,,,,,,,,
2024-09-02,69.84519958496094,70.32666778564453,73.93000030517578,69.12999725341797,73.66666412353516,135834063.0,,,,,,,,,,,,
2024-09-09,73.05970001220703,73.5633316040039,73.96666717529297,68.30000305175781,70.32666778564453,143911914.0,,,,,,,,,,,,
2024-09-16,70.36163330078125,70.84666442871094,74.5,68.55999755859375,73.9000015258789,131082060.0,,,,,,,,,,,,
2024-09-23,78.3933334350586,78.3933334350586,79.93333435058594,70.71666717529297,71.0633316040039,267825684.0,,,,,,,,,,,,
2024-09-30,78.85333251953125,78.85333251953125,82.46666717529297,78.03333282470703,81.0,255690159.0,,,,,,,,,,,,
2024-10-07,77.8933334350586,77.8933334350586,80.57333374023438,70.33333587646484,79.41666412353516,281532702.0,,,,,,,,,,,,
2024-10-14,77.14666748046875,77.14666748046875,79.66666412353516,73.21666717529297,78.0,145266171.0,,,,,,,,,,,,
2024-10-21,72.61000061035156,72.61000061035156,77.93333435058594,70.0,77.16666412353516,155005299.0,,,,,,,,,,,,
2024-10-28,74.27999877929688,74.27999877929688,76.38333129882812,71.68333435058594,72.96666717529297,121635765.0,,,,,,,,,,,,
2024-11-04,78.65666961669922,78.65666961669922,82.08000183105469,74.05000305175781,74.8933334350586,269724909.0,,,,,,,,,,,,
2024-11-11,72.93333435058594,72.93333435058594,78.26333618164062,72.69999694824219,78.12999725341797,209843565.0,,,,,,,,,,,,
2024-11-18,73.58999633789062,73.58999633789062,76.46666717529297,71.73666381835938,73.35333251953125,133888776.0,,,,,,,,,,,,
2024-11-25,76.69000244140625,76.69000244140625,77.39666748046875,74.5999984741211,75.0,131280585.0,,,,,,,,,,,,
2024-12-02,79.55332946777344,79.55332946777344,79.83333587646484,76.50666809082031,77.3133316040039,81259473.0,,,,,,,,,,,,
2024-12-09,77.91000366210938,77.91000366210938,82.83000183105469,76.40333557128906,79.81666564941406,202443171.0,,,,,,,,,,,,
2024-12-16,71.05000305175781,71.05000305175781,78.23332977294922,69.90333557128906,77.91666412353516,237587691.0,,,,,,,,,,,,
2024-12-23,69.31999969482422,69.31999969482422,72.58333587646484,69.12999725341797,71.83333587646484,162532143.0,,,,,,,,,,,,
2024-12-30,67.66000366210938,67.66000366210938,69.6500015258789,65.0,69.44999694824219,149946873.0,,,,,,,,,,,,
2025-01-06,63.040000915527344,63.040000915527344,67.88999938964844,62.84999847412109,67.88999938964844,123543842.0,,,,,,,,,,,,
2025-01-13,66.62999725341797,66.62999725341797,67.12000274658203,59.70000076293945,62.119998931884766,147374546.0,,,,,,,,,,,,
2025-01-20,65.69000244140625,65.69000244140625,68.13999938964844,63.81999969482422,67.19000244140625,88664993.0,,,,,,,,,,,,
